{
  "EZGIF": {
    "median_mag": 1.1144758240281172,
    "std_x": 0.3759243021959033,
    "jitter_x": 0.015390477573477966,
    "clip_probs": [
      0.7752039432525635,
      0.7750707864761353,
      0.7728177905082703,
      0.7729509472846985,
      0.7573844194412231,
      0.7593008279800415
    ]
  },
  "TD": {
    "median_mag": 1.1206480716345848,
    "std_x": 0.36776455360290633,
    "jitter_x": 0.040087754191692276,
    "clip_probs": [
      0.2169669270515442,
      0.23741453886032104,
      0.22319424152374268,
      0.22584252059459686,
      0.21504895389080048,
      0.21529895067214966,
      0.21555408835411072,
      0.2156754732131958
    ]
  }
}